episode_date,episode_title,youtube_url,source_file,timestamp_start,timestamp_end,speaker,speaker_confidence,speaker_attribution_reason,ticker_or_asset,company_or_asset_name,asset_type,direction,position_status,conviction_score_0_to_5,excitement_score_0_to_5,urgency_score_0_to_5,time_horizon,trade_category,catalyst_or_condition,bull_thesis,bear_thesis_or_risks,key_quotes,summary_of_chris_view,evidence_strength,contradictions_or_tensions,notes
2026-03-12,#1 on Amazon… and Almost No One Owns the Stock,https://www.youtube.com/watch?v=5WLRCYsOg7k,youtube_transcript_1_on_amazon_and_almost_no_one_owns_the_stock_2026-03-12.md,1:34,21:24,Chris Camillo,High,"Chris originated the trade idea; Dave acts as host. Multiple first-person 'I own / I bought / I'm long' statements throughout the segment.",GAIN,Gladstone Investment Corp (Schilling / Neato squishies),Stock,Long,owns,4,5,4,multi-week,core high-conviction idea,"Neato squishy trend continuing through May earnings; Schilling ramping production","Neato is #1 multiple positions on Amazon; high-margin, easy-to-manufacture, mass distribution already in place at Target/Walmart/Five Below/CVS; Gladstone explicitly named Schilling as a needle-mover in early-Feb earnings; analog of New Brands/Slime/Elmer's trade","Holding-co opacity (24-25 portfolio companies); supply chain ramp from China; knockoffs flooding market; Tim Hortons-style hidden drag risk; Dave skeptical of supply ramp","[1:34] I own the company. I'm not planning to sell the company anytime soon uh until I see this trade through. // [12:50] full transparency, you know, I I'm long the stock. I I won't be selling into any of this in the next few days. // [21:00] I'm hoping to hold. This is honestly one I will hold most likely as long as the product continues to trend.","Chris's central social-arb trade for the episode. Owns a meaningful position; will hold through Neato trend; would only sell if stock runs away to a risky level.",explicit,Dave (host) is openly skeptical that Schilling can ramp manufacturing in time; Chris disagrees,"Chris frames as a 'fun trade' due to small float, suggesting position size is smaller than his AMZN/BE positions despite high excitement. May earnings = the validation event."
2026-03-12,#1 on Amazon… and Almost No One Owns the Stock,https://www.youtube.com/watch?v=5WLRCYsOg7k,youtube_transcript_1_on_amazon_and_almost_no_one_owns_the_stock_2026-03-12.md,16:01,40:23,Chris Camillo,High,"Repeated 'my Amazon trade', 'my Amazon position', 'my lever position', 'I'm picking one and going into it highly levered'.",AMZN,Amazon,Stock,Leveraged long,owns,5,5,4,multi-month,core high-conviction idea,"Iran war ending / oil prices stabilizing","AI super-cycle; Amazon's $30-50B OpenAI investment ensures Trainium chip + retail integration; Anthropic relationship; Amazon at top of AI trade with super-leverable liquid market","Iran war + oil price spike crushing transport/logistics; potential AI-driven job losses crushing consumer; Wall Street pricing oil headwinds","[32:55] The second that we see any light at the end of this tunnel in this Iran war … I think I'm going even deeper into Amazon, guys. // [33:42] I love Amazon today more than I liked it when we did our episode a few weeks ago. // [34:18] I would pour into it in the 220s. // [40:02] I haven't sold any of the my Amazon position. I haven't sold any of the lever position I have in into Amazon. // [40:23] I feel like I want to own more, not less of Amazon.",Owns leveraged Amazon position; conviction increased over prior weeks; will pour in at $220s; will lever further when war ends.,explicit,,
2026-03-12,#1 on Amazon… and Almost No One Owns the Stock,https://www.youtube.com/watch?v=5WLRCYsOg7k,youtube_transcript_1_on_amazon_and_almost_no_one_owns_the_stock_2026-03-12.md,28:48,40:38,Chris Camillo,High,"'I I bought um I bought a good amount' on the dip; 'I'm in into Bloom heavily'; consistent through next two episodes.",BE,Bloom Energy,Stock,"Leveraged long, Add",owns,5,4,3,multi-month,core high-conviction idea,Hyperscaler announcements (Oracle/Meta/Amazon/Google),"Primary AI power beneficiary; Chris's pick for energy leg of AI trade; recent dip rumor (data center cancellation) was BS","Volatile / news-driven; can drop 40%+ on single rumor","[28:48] there was a huge buying opportunity in Bloom Energy the other day because of all this stuff and I took advantage of it. I I bought … a good amount. // [40:29] Bloom I still feel great about. I I just I still love Bloom here. I love the riskreward on Bloom as well.",Bought BE on the war-driven dip; loves the risk/reward; this is his levered energy pick within the AI trade.,explicit,,Cross-references Mar 23 'I'm in Bloom as heavily as I'm in Bloom' and Apr 24 'doubled down at $75'.
2026-03-12,#1 on Amazon… and Almost No One Owns the Stock,https://www.youtube.com/watch?v=5WLRCYsOg7k,youtube_transcript_1_on_amazon_and_almost_no_one_owns_the_stock_2026-03-12.md,16:18,52:34,Chris Camillo,High,"'My air sports trade'; 'I have not sold any of that either, guys'.",AS,Amer Sports (Salomon shoes / Arc'teryx),Stock,"Long, Holding",owns,3,2,1,multi-month,quick position update,"Consumer demand for Salomon/Arc'teryx products","Strong consumer brand demand for Salomon shoes and Arc'teryx jackets","Dilutive capital raise pushed oversupply; oil prices hurt shoe manufacturing; stock down ~20%","[16:18] It's also screwing my my air sports trade because there's a lot of oil used in shoes. // [52:03] I have not sold any of that either, guys. Like that stock is down 20 some odd percent from where I bought it … if I see consumer demand start to fall uh on either of the products related to that trade, uh the Solomon shoes or the Arcteric jackets. Yeah, I'll exit.",Holding through ~20% drawdown; will only exit if Salomon/Arc'teryx consumer demand softens.,explicit,,Transcript spells 'air sports' (phonetic) / 'Solomon' / 'Arcteric'. Refers to Amer Sports (NYSE: AS) - Salomon and Arc'teryx parent.
2026-03-12,#1 on Amazon… and Almost No One Owns the Stock,https://www.youtube.com/watch?v=5WLRCYsOg7k,youtube_transcript_1_on_amazon_and_almost_no_one_owns_the_stock_2026-03-12.md,49:48,51:24,Chris Camillo,High,"'My Trans Alta'; 'I haven't sold my Trans Alta'.",TAC,TransAlta Corp,Stock,"Long, Holding",owns,3,2,2,multi-month,quick position update,"Alberta data center deal materializing; could rotate into AMZN if war ends","Inevitability of data centers moving to Alberta where excess power is available","Trump pressure on hyperscalers to build in US; warm winter hurt energy pricing; community resistance to AB data centers","[50:51] I still like the trade. I haven't sold my Trans Alta. I still have it. // [51:16] I would theoretically exit some of my Transalta to maybe switch it over into an Amazon. That's a possibility.",Holding TAC; conditional rotation into AMZN possible if war ends.,explicit,,
2026-03-12,#1 on Amazon… and Almost No One Owns the Stock,https://www.youtube.com/watch?v=5WLRCYsOg7k,youtube_transcript_1_on_amazon_and_almost_no_one_owns_the_stock_2026-03-12.md,52:48,54:25,Chris Camillo,High,"'I I own it'; 'I'm not worried about it'; long-term thesis.",HOOD,Robinhood,Stock,Long,owns,4,4,2,long-term,core high-conviction idea,"Market stabilization, AUM growth, banking product (25K → 65K accounts; deposits 'off the charts')","Long-term AUM compounding; banking product growth; beneficiary of generational wealth transfer","Short-term crypto dependence; market crash risk","[52:48] Robin Hood's a company I don't even check on a daily basis. // [53:13] I I own it. Um I'm not worried about it. // [54:08] I feel really good about putting more money into Robin Hood after it got hit because of a short-term crypto crash. // [54:17] I love Robin Hood where it is.",Owns HOOD; happy to add fresh cash on the crypto-driven drawdown; long-term hold.,explicit,,Stock then at ~$76 vs prior high ~$130-140.
2026-03-12,#1 on Amazon… and Almost No One Owns the Stock,https://www.youtube.com/watch?v=5WLRCYsOg7k,youtube_transcript_1_on_amazon_and_almost_no_one_owns_the_stock_2026-03-12.md,49:24,49:48,Chris Camillo,High,"'Um people were asking if we're still in that trade. I am.' Identified as SKM in Mar 23 episode.",SKM,SK Telecom (Anthropic stake proxy),Stock,Long,owns,4,3,2,until event,quick position update,Anthropic IPO (target this year),"SKM holds ~$100M Anthropic stake from $5B-valuation round = ~20-25% of SKM market cap; liquid public proxy avoiding fees/admin/lockups of private","SKM core business itself; Anthropic IPO timing","[49:39] Um people were asking if we're still in that trade. I am. Um I am.",Confirming he is still in the SKM Anthropic-proxy trade (deep-dived in Mar 23 episode).,explicit,,Ticker not stated explicitly in Mar 12 - confirmed via Mar 23 episode where Chris explicitly identifies SKM and gives the full thesis.
2026-03-12,#1 on Amazon… and Almost No One Owns the Stock,https://www.youtube.com/watch?v=5WLRCYsOg7k,youtube_transcript_1_on_amazon_and_almost_no_one_owns_the_stock_2026-03-12.md,30:21,37:52,Chris Camillo,High,"'I have a I have strong conviction on this trade, on the AI trade'.",AI super-cycle,AI super-cycle (theme),Theme / basket,Long,thematic conviction,5,5,3,long-term,thematic trade,AI deployment continuing,"AI is the gold of this generation; massive thematic conviction","99% of people don't believe; macro/war headwinds","[30:36] AI is the gold of this generation yet 99% of people don't even think the gold exists yet. // [31:25] I'm in it. I'm in it to win it. I'm not selling. You're not going to scare me out of the AI trade. I'm going to keep doubling down. // [37:42] I have a I have strong conviction on this trade, on the AI trade. … I'm going all in.",Massive thematic AI conviction; will keep doubling down via AMZN and AI basket.,explicit,,Repeated across all 3 episodes with consistent intensity.
2026-03-12,#1 on Amazon… and Almost No One Owns the Stock,https://www.youtube.com/watch?v=5WLRCYsOg7k,youtube_transcript_1_on_amazon_and_almost_no_one_owns_the_stock_2026-03-12.md,45:30,46:48,Chris Camillo,High,"'I stopped all that recently. I don't like the riskreward'.",Private AI co's,Pre-IPO private AI companies,Theme / basket,Avoid / no position,does not own,1,1,1,long-term,negative / avoid,n/a,n/a,"Illiquid, fees, admin nightmare, can't lever, K1 tax mess, post-IPO 6-month lockup, capital chasing","[45:30] I stopped all that recently. I don't like the riskreward of putting money into any of these private companies right now that are … tech companies … There are a lot of companies chasing capital in the private market right now. And I it's a dangerous game to play.",Has stopped putting money into private AI; prefers public AI equity for liquidity / leverage.,explicit,,Reaffirmed in Apr 24 ('private equity expanded too much').
2026-03-23,End of War Trades,https://www.youtube.com/watch?v=dujz3iVi-HQ,youtube_transcript_end_of_war_trades_2026-03-23.md,3:54,5:08,Chris Camillo,High,"Chris explicitly endorses COPX as goto fast trade.",COPX,Global X Copper Miners ETF,ETF,"Long, Fast trade",considering,3,3,5,fast trade,macro trade,War news cycle (oil/Iran),"Cleanly correlated to war news; ETF liquidity; less concentration risk than single stocks","Chris is not currently fast-trading at this moment per [28:30]","[5:00] This is COPX. To me, that is the goto index to trade. … copper got destroyed every time the war was looking worse. // [28:30] I'm not fast trading anything right now … if I see some, if I see an opportunity, I will. And those are the three stocks that I'm going to trade that we talked about earlier, those three ETFs.",COPX is Chris's go-to fast-trade vehicle for the end-of-war news cycle; he isn't trading it right now but would on opportunity.,explicit,,One of the 'three ETFs' (COPX/JETS/UAE) Chris would fast-trade.
2026-03-23,End of War Trades,https://www.youtube.com/watch?v=dujz3iVi-HQ,youtube_transcript_end_of_war_trades_2026-03-23.md,6:39,7:46,Chris Camillo,High,"Chris endorses JETS for fast-trade only.",JETS,U.S. Global Jets ETF,ETF,"Long, Fast trade",considering,2,2,4,fast trade,macro trade,War end / oil prices dropping,"Highly correlated to war news; ETF liquidity removes single-airline risk like Canadian Airlines","Doesn't want to hold airlines; 'old dog airlines'","[6:55] I would do jets. … jets takes away the concentration risk of like for example that airline … Canada. // [7:35] I think Jets is a decent one as well. I mean, it's highly correlated. … Jets is not something that I'm going to hold on to for any amount of time or any of the airlines.",JETS is a fast-trade vehicle only; not a long-term hold for Chris.,explicit,,
2026-03-23,End of War Trades,https://www.youtube.com/watch?v=dujz3iVi-HQ,youtube_transcript_end_of_war_trades_2026-03-23.md,7:58,8:45,Chris Camillo,High,"'The third one that I like as just a purely correlated fast trade … is UAE'.",UAE,iShares MSCI UAE ETF,ETF,"Long, Fast trade",considering,3,3,5,fast trade,macro trade,War end,"Super correlated; ETF liquidity",n/a,"[7:58] The third one that I like as just a purely correlated fast trade on the end of the war is UAE, which is basically the UAE ETF. Just super super correlated.",UAE ETF rounds out his three end-of-war fast trades (with COPX and JETS).,explicit,,
2026-03-23,End of War Trades,https://www.youtube.com/watch?v=dujz3iVi-HQ,youtube_transcript_end_of_war_trades_2026-03-23.md,5:50,7:30,Chris Camillo,Medium,"Chris reacts to a Salik chart Dave pulled up; Chris is the one giving the bearish view on Middle East stability.",SALIK.AE,Salik Co (Dubai toll roads),Stock,Avoid / no position,does not own,1,1,1,unclear,negative / avoid,Middle East stability,Toll roads in Dubai if region stable,"Regional instability could drive expat exodus and crush toll volumes","[6:26] I'm not too excited about that. // [7:11] if the Middle East is unstable after this, then people will leave. … which would be horrible for companies like this toll road company because it'll mean there's less business.",Bearish on Salik in instability scenario; not investing.,inferred,,Speaker Confidence Medium because the conversation is a back-and-forth with Dave about the chart.
2026-03-23,End of War Trades,https://www.youtube.com/watch?v=dujz3iVi-HQ,youtube_transcript_end_of_war_trades_2026-03-23.md,10:11,10:30,Chris Camillo,High,"Chris's reaction to Dave bringing up SMCI - 'No, dude. That company is just wild'.",SMCI,Super Micro Computer,Stock,Avoid / no position,does not own,1,1,0,unclear,negative / avoid,Scandal news,n/a,"Scandal-driven daily moves; 7% pop is short-covering noise","[10:11] No, dude. That company is just wild. I That's going to move daytoday based on scandal news. And yeah, if it's up 7% that's just short covering at this point.",Avoiding SMCI - too noisy/scandal-driven.,explicit,,
2026-03-23,End of War Trades,https://www.youtube.com/watch?v=dujz3iVi-HQ,youtube_transcript_end_of_war_trades_2026-03-23.md,10:38,12:15,Chris Camillo,High,"'Everyone's ripping on me for the air sports trade, guys. … I'm still in it'.",AS,Amer Sports (Salomon / Arc'teryx),Stock,"Long, Holding",owns,3,2,1,multi-month,quick position update,"Earnings show overinvestment in inventory","Company beat earnings, choosing to invest more in inventory for anticipated demand","Market hates overinvestment in volatile macro/tariff/war environment","[10:50] the company. … This is the company destroyed earnings, okay? They're doing so well that they have they choose to invest more in inventory. // [12:00] I still have a ton of stock. … I'm not looking to sell sports after it dropped 20% 15 20%, right? Like I'm not I'm still in it.",Holding through 15-20% drawdown; thesis intact (consumer demand for Salomon/Arc'teryx).,explicit,Mar 12 'down 20-some odd percent' → Mar 23 'dropped 15-20%' (consistent),
2026-03-23,End of War Trades,https://www.youtube.com/watch?v=dujz3iVi-HQ,youtube_transcript_end_of_war_trades_2026-03-23.md,12:55,13:09,Chris Camillo,High,"'TSMI, you you got to love that company. You got to love Taiwan Semi'.",TSM,Taiwan Semiconductor,Stock,Long,unclear,4,4,3,long-term,quick position update,AI chip demand,"Demand through the roof; Nvidia having to re-engineer chips around TSM allocation","Macro / China-Taiwan risk","[13:01] TSMI, you you got to love that company. You got to love Taiwan Semi right here, right? Because like the demand is through the roof. I mean, what more what better signals do you want?",Strongly endorses TSM; he doesn't say 'I own' but enthusiastic recommendation.,inferred,,Transcript misspells 'TSMI' = TSM. Position not explicitly stated.
2026-03-23,End of War Trades,https://www.youtube.com/watch?v=dujz3iVi-HQ,youtube_transcript_end_of_war_trades_2026-03-23.md,14:26,15:23,Chris Camillo,High,"'I just don't have a strong take on Intel'; 'I'm staying away from trading it here'.",INTC,Intel,Stock,Avoid,unclear,1,1,0,unclear,negative / avoid,n/a,n/a,Too many conflicting positive/negative forces; lack of conviction either way,"[14:55] I just don't have a strong take on Intel right at this moment because there's just too many things happening at the company. // [15:17] I'm staying I think I might have some in my portfolio, but I'm not I'm staying away from trading it here. There's just a lack of conviction either way on Intel.",May own a small position; staying away from trading; explicit no-conviction.,explicit,Apr 24 update: he says 'I think I accidentally sold my Intel' - implying it was sold to free margin for AMZN options.,
2026-03-23,End of War Trades,https://www.youtube.com/watch?v=dujz3iVi-HQ,youtube_transcript_end_of_war_trades_2026-03-23.md,15:23,16:50,Chris Camillo,High,"Chris's macro view on China - 'China doesn't scare me right now'.",China,China geopolitical risk,Macro,n/a,n/a,n/a,n/a,n/a,2026 timeframe,macro trade,n/a,China needs stability for manufacturers and people in 2026,Could be wrong; China watching US response to Iran,"[16:13] I think China as much as or more than anyone else right now needs stability for the remainder of this year. … I just don't think China's making any dramatic moves this year.",Not concerned about China invading Taiwan in 2026.,inferred,,Macro view rather than a specific trade.
2026-03-23,End of War Trades,https://www.youtube.com/watch?v=dujz3iVi-HQ,youtube_transcript_end_of_war_trades_2026-03-23.md,20:23,30:14,Chris Camillo,High,"'My entire personal reputation right now hinges on one company'; 'high conviction right now on Amazon'.",AMZN,Amazon,Stock,Leveraged long,owns,5,5,4,multi-month,core high-conviction idea,War end / oil prices stabilizing,"Reputation-staked thesis; OAI Trainium deal secures AMZN AWS demand; Anthropic also using Trainium; OAI consumer-AI integration likely guarantees AMZN retail visibility","Oil/transport headwind even after war ends ($80 oil normal vs $60 historic); job loss tail risk","[20:23] my entire personal reputation right now hinges on one company. // [21:09] I keep talking about the same company, the same trade … I have high conviction right now on Amazon. // [28:52] I am considering uh adding even more to my Amazon trade the second that I see a clear window that the war is over. // [29:51] Amazon is in like the pole position to move over the next few months and I wouldn't mind increasing my leverage even further on an Amazon.",Reputation-staked AMZN bull thesis; planning to lever further on war-end signal.,explicit,,Conviction increases vs Mar 12 ('I love Amazon today more than … a few weeks ago').
2026-03-23,End of War Trades,https://www.youtube.com/watch?v=dujz3iVi-HQ,youtube_transcript_end_of_war_trades_2026-03-23.md,30:14,34:18,Chris Camillo,High,"'There's one other stock that I think comes right after that which is Robin Hood'; explicit conditional leverage plan.",HOOD,Robinhood,Stock,"Long, Conditional add (lever up)",owns,4,4,3,multi-month,conditional setup,"95% sure war is done AND crypto stabilizing AND Bitcoin recovering = triple down","Long-term AUM compounding; account size growth in stable market; crypto upside as kicker","Short-term crypto dependence; tail risk if oil-fields-bombing scenario destroys retail accounts","[33:27] Robin Hood is a company that I don't have leverage in Robin Hood right now, guys. But I would consider putting leverage on Robin Hood once we are 100% or let's just say 95% sure we are done with this whole Iran situation at least for a while and we're not entering a crypto winter. // [34:07] if Bitcoin is recovering and the war is over, Robin Hood is a place where I'm tripling down.",Owns HOOD without leverage; would lever up once war risk fades AND crypto stabilizes; 'tripling down' if Bitcoin recovers.,explicit,Apr 24 follow-up: 'I went deeper into Robin Hood at 70 … I just picked up some more calls this morning' - so the conditional add did happen by mid-April,
2026-03-23,End of War Trades,https://www.youtube.com/watch?v=dujz3iVi-HQ,youtube_transcript_end_of_war_trades_2026-03-23.md,44:24,45:50,Chris Camillo,High,"'My TAC bet'; 'I still have pretty massive exposure to Trans Alta through TAC'.",TAC,TransAlta Corp,Stock,"Long, Holding",owns,4,3,2,multi-month,core high-conviction idea,Hyperscaler builds in Alberta inevitable,"Inevitability of data centers moving to Alberta; Middle East data center risk increased; Canada is safer location","Trump administration pressuring hyperscalers to build in US; Alberta delays ongoing","[45:04] I'm sticking with my TAC bet. I know it's taking longer to play out. … TAC Trans Alta Corp continues to be at the crosshairs of that opportunity. So I want to have exposure to it and I still have pretty massive exposure to Trans Alta through TAC.",Massive TAC exposure; sticking with thesis despite delays.,explicit,Apr 24 update: 'I have exited part of my position because … account got destroyed last month' - position size reduced from massive,
2026-03-23,End of War Trades,https://www.youtube.com/watch?v=dujz3iVi-HQ,youtube_transcript_end_of_war_trades_2026-03-23.md,45:50,53:24,Chris Camillo,High,"'I'm do not have a position in Tesla right now, which is wild'.",TSLA,Tesla,Stock,Conditional long,does not own,2,2,1,until event,negative / avoid,Tesla presentation that 'stuns me','FSD/RoboTaxi/Optimus eventually; Grok competitive pressure','Timeline slippage; Optimus team feedback 'not great'; XAI flat; Tesla story driven by promises that don't materialize',"[52:39] I'm do not have a position in Tesla right now, which is wild. I would rather wait and see. I'd rather wait and get into Tesla 20 to 30% higher than have my money sitting in Tesla because I just don't see any indication right now in the next few days to few weeks to next month of anything meaningfully changing. // [53:07] But if I if they have a presentation and and it stuns me, I I I'm I won't be afraid to go into Tesla really heavy and really levered.",No TSLA position; would buy heavy/levered if a future Elon presentation 'stuns him'.,explicit,,Surprising stance from Chris (reputation as TSLA bull); explicit shift to neutral/skeptical.
2026-03-23,End of War Trades,https://www.youtube.com/watch?v=dujz3iVi-HQ,youtube_transcript_end_of_war_trades_2026-03-23.md,53:36,54:56,Chris Camillo,High,"'I I have a massive SKM position. I don't anticipate selling it until we get close to or beyond the Anthropic IPO. This is my way to play Anthropic'.",SKM,SK Telecom (Anthropic stake),Stock / private proxy,Long,owns,5,5,3,until event,core high-conviction idea,Anthropic IPO (target this year),"SKM holds ~$100M Anthropic stake from $5B-valuation round = ~20-25% of SKM market cap; liquid public proxy; no fees/admin/lockup","SKM core business; Anthropic IPO timing; idiosyncratic Korean market risk","[53:49] I I have a massive SKM position. I don't anticipate selling it until we get close to or beyond the Anthropic IPO. This is my way to play Anthropic. // [54:49] So, that's how I'm playing Enthropic as a SKM, and I haven't sold that position.",Massive SKM position held until Anthropic IPO; stated explicitly as 'my way to play Anthropic'.,explicit,,One of the most explicit and high-conviction position statements across all 3 episodes.
2026-03-23,End of War Trades,https://www.youtube.com/watch?v=dujz3iVi-HQ,youtube_transcript_end_of_war_trades_2026-03-23.md,55:03,59:32,Chris Camillo,High,"'I don't own him right now, but I would'.",HIMS,Hims & Hers Health,Stock,Watchlist,does not own,3,3,2,long-term,future deep-dive tease,Peptide commercialization scaling,"Uniquely positioned to monetize peptide tailwind 'better than anyone else in the world' as a distribution channel","'Not generally a fan' for unspecified reasons; deep reliance on GLP-1s controlled by 2 companies (LLY/NVO)","[55:13] I'm not generally a fan of HIMS for a number of reasons … HIMS is uniquely positioned to monetize that tailwind in peptides better than anyone else in the world. // [56:02] If it weren't for that, I would probably be in him … // [58:23] I don't own him right now, but I would it's something that I would as a peptide distribution channel play in the future as peptides go from the billionaire class to the uh McDonald's class.",Does not own HIMS; framing it as a future peptide distribution play.,explicit,,
2026-03-23,End of War Trades,https://www.youtube.com/watch?v=dujz3iVi-HQ,youtube_transcript_end_of_war_trades_2026-03-23.md,55:48,1:08:57,Chris Camillo,High,"'super cycle that doesn't just last years, but maybe last decades'; 'This peptide trend is no longer a trend. It's officially a super cycle just like AI'.",Peptides,Peptides theme,Theme / basket,Long,thematic / future deep-dive,5,4,2,long-term,thematic trade,Peptide democratization (rich → mainstream),"Multi-decade super cycle; supplements that actually work; analogous to early GLP-1 trade","Regulatory; distribution channel uncertainty (drug companies vs supplement cos)","[55:48] I think the market for peptides is going to do nothing but get larger and larger and larger the next few years. // [59:21] capable of having a super cycle that doesn't just last years, but maybe last decades.",Peptides = multi-decade super cycle; specific trades to be revealed in future episode.,explicit,,Reaffirmed and intensified in Apr 24 episode.
2026-03-23,End of War Trades,https://www.youtube.com/watch?v=dujz3iVi-HQ,youtube_transcript_end_of_war_trades_2026-03-23.md,1:00:54,1:01:40,Chris Camillo,High,"'I might lever up in Nvidia, too'.",NVDA,Nvidia,Stock,"Long, Considering levering up",owns,4,4,3,multi-month,quick position update,"NVDA news weekend (chip re-engineering due to TSM allocation); AI sector momentum","NVDA AI demand at all-time high; broader AI sector 'like a dream'",n/a,"[1:01:25] I might lever up in Nvidia, too. Like that Nvidia news this weekend and and TMSI and like it the entire like AI sector.",Considering levering up NVDA along with AMZN and HOOD lever-up plans.,inferred,,He doesn't explicitly say 'I own NVDA' but 'might lever up' implies an existing position.
2026-03-23,End of War Trades,https://www.youtube.com/watch?v=dujz3iVi-HQ,youtube_transcript_end_of_war_trades_2026-03-23.md,1:01:39,1:02:57,Chris Camillo,High,"Chris explicitly tags this as a future deep-dive episode.",COR/COHR,Coherent,Stock,Watchlist,unclear,3,3,2,long-term,future deep-dive tease,TBD,"Positioned in 'a really interesting place for where this AI cycle is potentially headed'",'A little controversial','[1:01:46] there's two stocks in the AI sector I think we're gonna have to do an entire episode on. Okay. Coherent and Lummentum. // [1:02:43] they're a little controversial, but I I want to go dive in deeper at some point.',Future deep-dive on COR (Coherent); position not explicitly stated.,inferred,,Chris uses 'COR' (transcript) - correct ticker is COHR. Same row applies to LITE (separate row below).
2026-03-23,End of War Trades,https://www.youtube.com/watch?v=dujz3iVi-HQ,youtube_transcript_end_of_war_trades_2026-03-23.md,1:01:39,1:02:57,Chris Camillo,High,"Same paired tease as Coherent.",LITE,Lumentum,Stock,Watchlist,unclear,3,3,2,long-term,future deep-dive tease,TBD,"Positioned in 'a really interesting place for where this AI cycle is potentially headed'; one-year chart up ~800%",'A little controversial','[1:01:50] If you look at COR and LI, those are really interesting companies. I don't want to get into them today too much.',Future deep-dive on LITE (Lumentum); position not explicitly stated.,inferred,,Chris uses 'LI' (transcript) - correct ticker is LITE.
2026-04-24,He Sold Everything... Here's What He's Buying,https://www.youtube.com/watch?v=AV9dVJAt7-U,youtube_transcript_he_sold_everything_heres_what_hes_buying_2026-04-24.md,9:48,10:54,Chris Camillo,High,"Chris's standard equities-vs-real-estate argument throughout the segment.",Real estate,Real estate (asset class),Other,Avoid / no position,does not own,1,1,1,long-term,negative / avoid,n/a,n/a,"Illiquid, levered, time/maintenance drag, not real cash flow after expenses, hidden risk","[10:43] If if you would have taken all that money that you were putting into real estate and all that time and you would have just thrown that into aggressive equities over the past, dude, I don't care. You're always winning with equities. … Equities gets you your life back.",Avoid real estate as an asset class; equities always win.,explicit,,Asset-class view rather than a specific trade.
2026-04-24,He Sold Everything... Here's What He's Buying,https://www.youtube.com/watch?v=AV9dVJAt7-U,youtube_transcript_he_sold_everything_heres_what_hes_buying_2026-04-24.md,15:31,17:04,Chris Camillo,High,"'I've been playing Amazon options for the last few weeks like a complete degenerate'.",AMZN,Amazon (options),Stock (options),Leveraged long,owns,5,5,4,short-term,earnings/event trade,AMZN earnings next week (May),AI super-cycle continuation,"Option decay; one wrong move loses 10-20% of liquid portfolio per $1 AMZN move","[15:48] I've been playing Amazon options for the last few weeks like a complete degenerate. // [16:09] anywhere between I would say five and 15% maybe maybe at one point it was as high as 20% of my entire liquid portfolio was in Amazon options. … if Amazon goes down $1, I lose 10 to 20% of my entire portfolio. // [16:46] you can make an argument that I'm 300% equity at at my most degenerate moments.",Heavily levered AMZN options bet (~5-20% of liquid portfolio at peak); confidence stems from Collecticon sale providing capital backstop.,explicit,Mar 23 'considering adding more' → Apr 24 'I've been playing Amazon options like a complete degenerate' (executed and rolled),Collecticon sale closed = backstop. AMZN went from $198 (entry) → $258 by Apr 24 = ~30% return on stock alone. Options gains likely much higher.
2026-04-24,He Sold Everything... Here's What He's Buying,https://www.youtube.com/watch?v=AV9dVJAt7-U,youtube_transcript_he_sold_everything_heres_what_hes_buying_2026-04-24.md,52:54,54:20,Chris Camillo,High,"'I'm all in. I'm all in.'",AMZN,Amazon,Stock,Leveraged long,owns,5,5,3,multi-month,core high-conviction idea,AMZN earnings,Same AI super-cycle thesis,Option decay in roll-ups,"[53:02] I I still love it. I love it just as much as I loved it at $198. // [53:21] I'm all in. I'm all in. // [53:30] What I do, guys, is I continue to roll up my options. … I'm I'm taking the gains. I'm not losing them. I'm taking a part of the profits to reup in new Amazon options. // [54:09] Uh I would say 5% right now today.",Still 'all in' AMZN; option position now ~5% of portfolio after rolling profits up to new strikes.,explicit,Mar 12: would pour in at $220s. Apr 24: AMZN at $258 - target met and exceeded.,
2026-04-24,He Sold Everything... Here's What He's Buying,https://www.youtube.com/watch?v=AV9dVJAt7-U,youtube_transcript_he_sold_everything_heres_what_hes_buying_2026-04-24.md,22:57,23:30,Chris Camillo,High,"'The best buy that I had was ARM'.",ARM,Arm Holdings,Stock,"Long, Add on dip",owns,4,4,2,multi-month,quick position update,n/a,AI semis tailwind,n/a,"[23:14] The best buy that I had was ARM. Uh the thing was up 30% since I bought.",Bought ARM during March drawdown; up ~30% since.,explicit,,
2026-04-24,He Sold Everything... Here's What He's Buying,https://www.youtube.com/watch?v=AV9dVJAt7-U,youtube_transcript_he_sold_everything_heres_what_hes_buying_2026-04-24.md,25:38,27:18,Chris Camillo,High,"'this is actually a trade that I'm interested in'.",Intl/EM,International / Emerging Markets (incl. Brazil),Theme / basket,Watchlist,does not own,3,3,1,long-term,thematic trade,AI democratization → EM lift,"AI democratizes intelligence/manufacturing; EM countries get edge they never had; Brazil 'in pole position'",'I want to spend a lot of time doing research before I make that move','[26:18] If you really think deeply about AI, automation, robotics, how the world economy is going to change over the next 20 years, there is a case to be made that third world countries to some extent will see some of the biggest lift. … I want to spend a lot of time doing research before I make that move.',Watchlist; intrigued by EM/intl as AI-democratization beneficiaries (esp. Brazil); not yet allocated.,explicit,,
2026-04-24,He Sold Everything... Here's What He's Buying,https://www.youtube.com/watch?v=AV9dVJAt7-U,youtube_transcript_he_sold_everything_heres_what_hes_buying_2026-04-24.md,29:34,30:53,Chris Camillo,High,"'I'm at the lowest I've ever been in Bitcoin'.",BTC,Bitcoin,Crypto,"Long (small)",owns,2,1,1,long-term,quick position update,Equities thesis weakening,n/a,Opportunity cost vs equities; current AI super-cycle pull,"[29:43] I'm at the lowest I've ever been in Bitcoin. I want to say it's like 1% of my portfolio right now. I'm not against bring it up to two, maybe 3%. … there's just too much opportunity in equities right now with this AI super cycle. // [30:51] When I become less excited about the equities in my portfolio, I think I would be open to having a larger Bitcoin position.",Owns ~1% Bitcoin (lowest ever); would maybe go to 2-3%; will only scale up if equities thesis weakens.,explicit,,
2026-04-24,He Sold Everything... Here's What He's Buying,https://www.youtube.com/watch?v=AV9dVJAt7-U,youtube_transcript_he_sold_everything_heres_what_hes_buying_2026-04-24.md,32:04,32:24,Chris Camillo,High,"'I do have a few crypto punks'.",CryptoPunks,Crypto Punks NFTs,Crypto / Other,"Long, Long-term hold",owns,3,2,1,long-term,quick position update,n/a,'Will come back at some point in time',NFT market currently dead,"[32:04] I do have a few crypto punks and I think I am more likely to buy more than to sell over the long term. I think crypto punks will come back. … It could be 15 or 20 years.",Owns Crypto Punks; bias to add over decades.,explicit,,
2026-04-24,He Sold Everything... Here's What He's Buying,https://www.youtube.com/watch?v=AV9dVJAt7-U,youtube_transcript_he_sold_everything_heres_what_hes_buying_2026-04-24.md,36:23,38:18,Chris Camillo,High,"'I'm getting out of all collectibles now'.",Collectibles,Disney/Elsa cards / sports cards,Other,"Avoid, Exiting",previously owned,1,1,2,short-term,negative / avoid,Frozen movie 2027 (Elsa exit window),Elsa cards: Frozen sequel could pop the market,'Not a believer in sports cards long-term; no longer at Collecticon shows','[36:23] I have like more of these Elsa cards. We're talking like six figures of Elsa cards and I'm thinking about kind of diversifying out of that. … I'm actually not a big believer in sports cards. … I'm getting out of all collectibles now.','Six figures of Elsa cards held for Frozen-movie exit window; sports cards bag exiting; broadly exiting collectibles.',explicit,,
2026-04-24,He Sold Everything... Here's What He's Buying,https://www.youtube.com/watch?v=AV9dVJAt7-U,youtube_transcript_he_sold_everything_heres_what_hes_buying_2026-04-24.md,33:29,34:55,Chris Camillo,High,"Chris's positive comment on pre-99 manga (despite exiting collectibles).",Pre-99 Japanese manga,Pre-1999 Japanese manga,Other,Watchlist,does not own,2,3,1,long-term,thematic trade,Manga now gradable; influencers accumulating,'Up 700% in 6 months; base IP for Pokemon/One Piece franchises','Speculative collectible market','[33:29] all the guys that were into that are now into uh the pre-199 Japanese manga magazines. … Dude, they're up like 700% in six months. // [34:55] If I was going to be in a collectible right now, that's where I'd be putting my money.',Bullish on pre-99 manga as collectible alpha; not personally invested; calls it 'insiders alpha on collectibles'.,explicit,Conflict with 'I'm getting out of all collectibles' - Chris notes the disconnect explicitly,
2026-04-24,He Sold Everything... Here's What He's Buying,https://www.youtube.com/watch?v=AV9dVJAt7-U,youtube_transcript_he_sold_everything_heres_what_hes_buying_2026-04-24.md,49:03,50:01,Chris Camillo,High,"'currently in the leveraged uh uh UPRO, which is uh the S&P 500'.",UPRO,ProShares UltraPro S&P 500 (3x leveraged),ETF,Leveraged long,owns,4,3,1,long-term,core high-conviction idea,n/a,'theoretically generate 2x returns even though it's a triple leverage ETF after fees',"Triple-leverage ETF decay; biggest crash risk","[49:18] I keep my entire uh retirement portfolio in a triple leveraged uh ETF at all times. // [49:43] I only keep 20% of my retirement portfolio in that triple leverage ETF. // [49:58] otherwise it's fully in a leveraged ETF currently in the leveraged uh uh UPRO, which is uh the S&P 500.","~20% of retirement portfolio in UPRO (3x S&P), with some HOOD shares.",explicit,Chris first jokes 'whole thing' then clarifies 20%,
2026-04-24,He Sold Everything... Here's What He's Buying,https://www.youtube.com/watch?v=AV9dVJAt7-U,youtube_transcript_he_sold_everything_heres_what_hes_buying_2026-04-24.md,54:32,55:07,Chris Camillo,High,"'Love it. Love it. Love it. … Love it long term. … I'm in Robin Hood for the long term'.",HOOD,Robinhood,Stock,"Long, Add",owns,5,4,1,long-term,core high-conviction idea,n/a,Long-term AUM thesis,n/a,"[54:38] Love it. Love it. Love it. // [54:44] I went deeper into Robin Hood at 70. Uh I think I just picked up some more calls this morning. So like I just want to be heavier Robin Hood, but not for the week or for the month. // [55:00] I'm in Robin Hood for the long term.",Added HOOD at $70; bought more calls morning of Apr 24; long-term hold.,explicit,Mar 23 'no leverage in Robin Hood right now' → Apr 24 'picked up some more calls this morning' (started levering up),
2026-04-24,He Sold Everything... Here's What He's Buying,https://www.youtube.com/watch?v=AV9dVJAt7-U,youtube_transcript_he_sold_everything_heres_what_hes_buying_2026-04-24.md,55:08,55:48,Chris Camillo,High,"'I have AMD. It's part of my AI sector trade'.",AMD,Advanced Micro Devices,Stock,Long,owns,3,2,1,multi-month,quick position update,AI sector momentum,Part of AI sector basket,Not heaviest position,"[55:13] yeah, I have AMD. It's part of my AI sector trade. I have a handful of companies like Micron, AMD. … but it's not the one I'm going heaviest in on.",Owns AMD as part of AI sector basket; not his highest-conviction name.,explicit,,
2026-04-24,He Sold Everything... Here's What He's Buying,https://www.youtube.com/watch?v=AV9dVJAt7-U,youtube_transcript_he_sold_everything_heres_what_hes_buying_2026-04-24.md,55:23,55:42,Chris Camillo,High,"'I think I accidentally sold my Intel'.",INTC,Intel,Stock,"Previously owned, Sold",previously owned,3,2,1,unclear,quick position update,n/a,Same conflicting forces from Mar 23,n/a,"[55:23] I think I accidentally sold my Intel. It makes me sick because I like I was running out of money and I needed money because my margin was capping out on that Amazon trade. … I picked Intel to sell and of course Intel's flying.",Previously owned INTC (consistent with Mar 23 'might have some'); accidentally sold to free margin for AMZN options; regrets the sale because INTC has rallied.,explicit,Mar 23 'might have some in my portfolio' → Apr 24 'accidentally sold my Intel' (clarified - he did own it but trimmed inadvertently),
2026-04-24,He Sold Everything... Here's What He's Buying,https://www.youtube.com/watch?v=AV9dVJAt7-U,youtube_transcript_he_sold_everything_heres_what_hes_buying_2026-04-24.md,55:48,55:55,Chris Camillo,High,"'Uh, Micron. I I love I love all of the uh memory companies'.",MU,Micron Technology,Stock,Long,owns,3,3,1,long-term,quick position update,AI memory demand,Memory company basket loved,n/a,"[55:48] Uh, Micron. I I love I love all of the uh memory companies.",Owns Micron; loves the memory sub-sector.,explicit,,
2026-04-24,He Sold Everything... Here's What He's Buying,https://www.youtube.com/watch?v=AV9dVJAt7-U,youtube_transcript_he_sold_everything_heres_what_hes_buying_2026-04-24.md,55:57,56:04,Chris Camillo,Medium,"Chris notes SanDisk price action but does not explicitly say he owns it.",SNDK,SanDisk Corp,Stock,Watchlist,unclear,2,2,1,long-term,quick position update,Memory tailwind,Implied memory tailwind via 'going crazy' comment,No explicit ownership statement,"[55:57] Did you guys have you did you see uh uh SanDisk keeps just going crazy?",Positive comment on SanDisk price action; ownership status ambiguous.,weak / ambiguous,No explicit 'I own' but mentioned in same breath as Micron - inferred small position likely,SanDisk re-IPO'd Feb 2025 (NASDAQ: SNDK).
2026-04-24,He Sold Everything... Here's What He's Buying,https://www.youtube.com/watch?v=AV9dVJAt7-U,youtube_transcript_he_sold_everything_heres_what_hes_buying_2026-04-24.md,56:04,57:02,Chris Camillo,High,"'Uh Raku, the Japanese company we did a show on'.",Raku,Japanese imaging co (likely Rigaku Holdings),Stock,Long,owns,4,4,1,long-term,core high-conviction idea,AI chip circuitry inspection demand,'one of like two companies in the world that does this','Liquidity/leverage constraints; Japanese small-cap risk','[56:14] Uh Raku, the Japanese company we did a show on. Dude, it's almost doubled. It's crazy, dude. This is the imaging company in Japan that basically uh is a healthcare company, but they have imaging equipment that they're repurposing to to check the circuitry in AI chips before they head to the data center. // [56:42] Unfortunately, I couldn't get leverage on that. uh because it's in a global account, you have to transfer into yen.',Owns Raku in JP global account; nearly doubled since entry; couldn't lever it.,explicit,,Phonetic 'Raku' likely Rigaku Holdings (TSE: 268A) - description matches Rigaku's healthcare imaging tech repurposed for semiconductor inspection.
2026-04-24,He Sold Everything... Here's What He's Buying,https://www.youtube.com/watch?v=AV9dVJAt7-U,youtube_transcript_he_sold_everything_heres_what_hes_buying_2026-04-24.md,57:11,1:01:00,Chris Camillo,High,"'we doubled down on Bloom'; 'one hell of a call this year'.",BE,Bloom Energy,Stock,"Leveraged long, Doubled down",owns,5,5,2,multi-month,core high-conviction idea,More hyperscaler announcements (Meta/Amazon/Google),'Primary AI power beneficiary; expanded Oracle contract validates tech; up 55% in last month','News-driven volatility; 40% in milliseconds on rumor','[57:14] see Bloom, it exploded off of that … expanded contract with Oracle. … up 55% in the past month. // [58:21] Bloom went down to what $75 a share on quote bad news that we knew was BS. That's why we doubled down on Bloom. // [1:00:30] I don't want to sell sell my bloom yet.',Doubled down on BE at $75; up 55% in past month; one of the best calls this year; 'primary beneficiary of the power trade for the AI super cycle'.,explicit,Mar 12 'I bought a good amount' (initial add) → Mar 23 'I'm in Bloom as heavily as I'm in Bloom' → Apr 24 'doubled down at $75' (meaningful escalation),
2026-04-24,He Sold Everything... Here's What He's Buying,https://www.youtube.com/watch?v=AV9dVJAt7-U,youtube_transcript_he_sold_everything_heres_what_hes_buying_2026-04-24.md,59:15,1:00:35,Chris Camillo,High,"'I am fully out of sphere'.",SPHR,Sphere Entertainment,Stock,"Previously owned, Out",previously owned,1,1,0,unclear,quick position update,n/a,n/a,"Stock has gone up ~400% since Chris's exit, but he doesn't regret because thesis was social-arb (info imbalance gone)","[59:21] I am fully out of sphere. // [1:00:00] we entered sphere when there was a massive information imbalance in the company and we exited it when the rest of the world learned about what we already knew.",Fully out of SPHR; would only re-enter on new info imbalance.,explicit,,
2026-04-24,He Sold Everything... Here's What He's Buying,https://www.youtube.com/watch?v=AV9dVJAt7-U,youtube_transcript_he_sold_everything_heres_what_hes_buying_2026-04-24.md,1:01:00,1:03:18,Chris Camillo,High,"'I'm holding the majority of my position in Trans Alta'.",TAC,TransAlta Corp,Stock,"Long, Holding majority (reduced)",owns,3,2,1,multi-month,quick position update,Hyperscaler builds in Alberta (could be 2-18 months),Inevitability of Alberta data centers,Trump pressure to build in US; account drawdown forced partial exit; warm winter; community resistance,"[1:01:24] Trans Alta, uh, they got killed by a couple things. // [1:01:54] I think I have exited part of my position because I needed to exit partially out of a lot of positions when my account got destroyed last month. But I feel that it is an inevitability uh that data centers will get into Canada and Alberta specifically. So, I'm holding the majority of my position in Trans Alta. // [1:03:08] I'm hanging on to it.",Holding majority of TAC; trimmed during March drawdown; thesis intact (could play out 2-18 months).,explicit,Mar 23 'massive exposure' → Apr 24 'exited part of my position … holding the majority' (clear position reduction),
2026-04-24,He Sold Everything... Here's What He's Buying,https://www.youtube.com/watch?v=AV9dVJAt7-U,youtube_transcript_he_sold_everything_heres_what_hes_buying_2026-04-24.md,1:03:22,1:05:36,Chris Camillo,High,"'I don't buy healthcare stocks when tech stocks are exploding'.",Healthcare,Healthcare sector (broad),Sector,"Avoid (now), Long-term bullish",does not own (much),2,2,1,long-term,negative / avoid,Tech rolling over (no near-term),Aging demographics drive sector growth over decades,Regulatory uncertainty around insurers,"[1:03:24] I don't buy healthcare stocks when tech stocks are exploding. For me, healthcare is like a recession stock because people overspend on health care during recession. // [1:05:23] we believe that the entire sector is going to massively grow over the next couple decades because of the aging uh population. … I'm not saying that I don't like healthcare stocks. I'm just not buying any right now when tech stocks are going insane.",Not buying healthcare while tech is hot; long-term bullish via aging demographics.,explicit,,
2026-04-24,He Sold Everything... Here's What He's Buying,https://www.youtube.com/watch?v=AV9dVJAt7-U,youtube_transcript_he_sold_everything_heres_what_hes_buying_2026-04-24.md,1:06:43,1:08:57,Chris Camillo,High,"'This peptide trend is no longer a trend. It's officially a super cycle just like AI'.",Peptides,Peptides theme,Theme / basket,"Long, Future deep-dive",thematic / future deep-dive,5,5,3,long-term,future deep-dive tease,Peptide commercialization scaling out of billionaire class,One of the biggest movements of the decade; analogous to early GLP-1 trade,Regulatory; distribution channel uncertainty,"[1:06:44] This peptide trend is no longer a trend. It's officially a super cycle just like AI. This is going to be one of the biggest movements I think of the decade. // [1:07:48] I look at this moment in a similar way to when I was talking about GLP1s back before anybody was talking about GLP ones. // [1:08:38] I think peptides, guys, are potentially that big.",Peptide super-cycle; intensified vs Mar 23; one of the biggest moves of the decade. Specific tickers TBD next episode.,explicit,Mar 23 'super cycle that doesn't just last years, but maybe last decades' → Apr 24 'officially a super cycle just like AI' (more explicit),
2026-04-24,He Sold Everything... Here's What He's Buying,https://www.youtube.com/watch?v=AV9dVJAt7-U,youtube_transcript_he_sold_everything_heres_what_hes_buying_2026-04-24.md,1:08:09,1:08:16,Chris Camillo,High,"'I think like 35% of my portfolio back then was in Eli Liy'.",LLY,Eli Lilly,Stock,Previously long,previously owned,2,1,0,unclear,quick position update,n/a,Historical thesis: early GLP-1 winner,'the market now fully understands everything that I understood about the GLP1 movement back in the day','[1:08:09] I think like 35% of my portfolio back then was in Eli Liy.',Previously held a 35% LLY position; current allocation unclear (likely small/none).,explicit,,Statement is about past holdings; current state ambiguous.
2026-04-24,He Sold Everything... Here's What He's Buying,https://www.youtube.com/watch?v=AV9dVJAt7-U,youtube_transcript_he_sold_everything_heres_what_hes_buying_2026-04-24.md,1:08:25,1:08:38,Chris Camillo,High,"'I own some Novo right now. I'm kind of mostly out of that stuff'.",NVO,Novo Nordisk,Stock,Long (small),owns,2,1,0,unclear,quick position update,n/a,Was first into NVO (before LLY),'Mostly out; market fully understands GLP-1 thesis','[1:08:25] I see Novo Nordisk. No, Novo. Actually, I'll take it back. I was in Novo before really. Novo was first. I own some Novo right now. I'm kind of mostly out of that stuff.',Owns small NVO position; mostly exited.,explicit,,
