episode_date,episode_title,youtube_url,source_file,timestamp_start,timestamp_end,raw_transcript_excerpt,possible_speaker,speaker_attribution_reason,ticker_or_asset_raw,company_or_asset_raw,mention_type_raw,possible_trade_relevance,notes
2026-03-12,#1 on Amazon… and Almost No One Owns the Stock,https://www.youtube.com/watch?v=5WLRCYsOg7k,youtube_transcript_1_on_amazon_and_almost_no_one_owns_the_stock_2026-03-12.md,1:34,1:49,"I own the company. I'm not planning to sell the company anytime soon uh until I see this trade through.",Chris,"Chris is the one who originated the trade idea and reveals the company; Dave just hosted the intro. He uses 'I own' first-person about the company being revealed",GAIN,Gladstone Investment Corp / Schilling / Neato squishies,explicit current position,Yes - core trade reveal,"Cold open before name reveal but Dave addresses 'Chris Jordan' next; voice matches the social arb investor pattern"
2026-03-12,#1 on Amazon… and Almost No One Owns the Stock,https://www.youtube.com/watch?v=5WLRCYsOg7k,youtube_transcript_1_on_amazon_and_almost_no_one_owns_the_stock_2026-03-12.md,12:50,13:00,"full transparency, you know, I I'm long the stock. I I won't be selling into any of this in the next few days.",Chris,"Chris's voice continues the social arb monologue introducing GAIN; Dave is acting as host",GAIN,Gladstone Investment Corp,explicit current position,Yes - core trade,
2026-03-12,#1 on Amazon… and Almost No One Owns the Stock,https://www.youtube.com/watch?v=5WLRCYsOg7k,youtube_transcript_1_on_amazon_and_almost_no_one_owns_the_stock_2026-03-12.md,15:51,16:18,"I'm kind of excited about this trade guys. It's as old school social arb as it gets.",Chris,"Chris's signature 'social arb' framing; he is the social arb investor",GAIN,Gladstone Investment Corp,excitement / conviction,Yes,
2026-03-12,#1 on Amazon… and Almost No One Owns the Stock,https://www.youtube.com/watch?v=5WLRCYsOg7k,youtube_transcript_1_on_amazon_and_almost_no_one_owns_the_stock_2026-03-12.md,16:01,16:32,"this stupid war that we're in right now with Iran that's driving oil prices up and screwing impartially screwing my Amazon trade … It's also screwing my my air sports trade because there's a lot of oil used in shoes",Chris,"Chris is referring to 'my Amazon trade' and 'my air sports trade' - both are Chris's positions",AMZN; Air Sports,Amazon; Amer Sports (Salomon shoes / Arc'teryx),explicit current position,Yes,"'Air sports' likely Amer Sports (AS); transcript misspells"
2026-03-12,#1 on Amazon… and Almost No One Owns the Stock,https://www.youtube.com/watch?v=5WLRCYsOg7k,youtube_transcript_1_on_amazon_and_almost_no_one_owns_the_stock_2026-03-12.md,20:49,20:56,"I I I I bought a pretty decent amount of the of the of the stock, but I like I said, I you will not see me selling this next week.",Chris,"Chris discussing his GAIN purchase",GAIN,Gladstone Investment Corp,explicit current position,Yes,
2026-03-12,#1 on Amazon… and Almost No One Owns the Stock,https://www.youtube.com/watch?v=5WLRCYsOg7k,youtube_transcript_1_on_amazon_and_almost_no_one_owns_the_stock_2026-03-12.md,21:00,21:24,"I'm hoping to hold. This is honestly one I will hold most likely as long as the product continues to trend. Um, unless the stock just starts to run away to a point where I think there's there's too much risk in holding it, in which case I would potentially sell uh at some but not in the next few days.",Chris,"Chris discussing time-horizon for GAIN",GAIN,Gladstone Investment Corp,time horizon / conditional sell,Yes,
2026-03-12,#1 on Amazon… and Almost No One Owns the Stock,https://www.youtube.com/watch?v=5WLRCYsOg7k,youtube_transcript_1_on_amazon_and_almost_no_one_owns_the_stock_2026-03-12.md,28:48,29:08,"there was a huge buying opportunity in Bloom Energy the other day because of all this stuff and I took advantage of it. I I bought … I bought a good amount",Chris,"Chris talking about 'I bought' Bloom on the dip; pattern matches Chris's high-leverage style",BE,Bloom Energy,explicit current position / add,Yes,
2026-03-12,#1 on Amazon… and Almost No One Owns the Stock,https://www.youtube.com/watch?v=5WLRCYsOg7k,youtube_transcript_1_on_amazon_and_almost_no_one_owns_the_stock_2026-03-12.md,30:21,31:10,"AI is the gold of this generation yet 99% of people don't even think the gold exists yet. … this is the gold of the modern day and almost nobody even believes it's real.",Chris,"Chris quoting an AI tweet he liked; consistent with his AI super-cycle thesis",AI theme,AI super-cycle,thematic conviction,Yes,
2026-03-12,#1 on Amazon… and Almost No One Owns the Stock,https://www.youtube.com/watch?v=5WLRCYsOg7k,youtube_transcript_1_on_amazon_and_almost_no_one_owns_the_stock_2026-03-12.md,31:25,32:00,"I'm in it. I'm in it to win it. I'm not selling. You're not going to scare me out of the AI trade. I'm going to keep doubling down. I'm doing everything I can to make more money, more cash flow so I can continue to put more money behind Amazon and each of the AI, you know, stocks that were in.",Chris,"Chris's signature 'doubling down' language; AMZN-centric AI thesis",AI theme; AMZN,AI super-cycle / Amazon,thematic conviction / add,Yes,
2026-03-12,#1 on Amazon… and Almost No One Owns the Stock,https://www.youtube.com/watch?v=5WLRCYsOg7k,youtube_transcript_1_on_amazon_and_almost_no_one_owns_the_stock_2026-03-12.md,32:22,33:51,"I think even more exciting than that for me is Amazon here. … The second that we see any light at the end of this tunnel in this Iran war … I think I'm going even deeper into Amazon, guys, because like Amazon has to light up. … I love Amazon today more than I liked it when we did our episode a few weeks ago. … I just want to put more and more into Amazon every single day. But I will wait until this stupid war thing is behind us.",Chris,"Chris naming 'my Amazon trade'; signature deep-conviction Amazon monologue",AMZN,Amazon,explicit current position / conditional add,Yes,
2026-03-12,#1 on Amazon… and Almost No One Owns the Stock,https://www.youtube.com/watch?v=5WLRCYsOg7k,youtube_transcript_1_on_amazon_and_almost_no_one_owns_the_stock_2026-03-12.md,34:18,34:34,"I would pour into it in the 220s. I I if once we get over this hump",Chris,"Chris naming a price target for adding to Amazon",AMZN,Amazon,conditional add price,Yes,
2026-03-12,#1 on Amazon… and Almost No One Owns the Stock,https://www.youtube.com/watch?v=5WLRCYsOg7k,youtube_transcript_1_on_amazon_and_almost_no_one_owns_the_stock_2026-03-12.md,37:11,37:52,"do you think you make outsize returns in the market? Do you think you're going to triple, quadruple, quintuple uh the S&P returns over a decade, two decades by not taking bold stances on high conviction ideas? No. … I have a I have strong conviction on this trade, on the AI trade. I've done my homework. I might be wrong, but I think I'm right. And I'm going all in.",Chris,"Chris's signature 'high conviction' AI all-in framing; rebuts Dave's prior Q",AI theme; AMZN,AI super-cycle / Amazon,conviction language,Yes,
2026-03-12,#1 on Amazon… and Almost No One Owns the Stock,https://www.youtube.com/watch?v=5WLRCYsOg7k,youtube_transcript_1_on_amazon_and_almost_no_one_owns_the_stock_2026-03-12.md,38:21,38:30,"if you buy them all, you're basically buying the S&P and you're not going to out-return the market. Correct. And I'm not just picking one. I'm picking one and I'm going into it highly levered.",Chris,"Chris's pick-one-and-lever philosophy; he picks AMZN and BE in this episode",AMZN; BE,Amazon; Bloom Energy,leverage strategy,Yes,
2026-03-12,#1 on Amazon… and Almost No One Owns the Stock,https://www.youtube.com/watch?v=5WLRCYsOg7k,youtube_transcript_1_on_amazon_and_almost_no_one_owns_the_stock_2026-03-12.md,40:02,40:23,"I haven't sold any of the my Amazon position. I haven't sold any of the lever position I have in into Amazon. And if we see this war coming to an end anytime soon, I'll probably add to it. Uh, I feel like I want to own more, not less of Amazon.",Chris,"Chris speaking about 'my Amazon position' and 'my lever position'",AMZN,Amazon,explicit current position / conditional add,Yes,
2026-03-12,#1 on Amazon… and Almost No One Owns the Stock,https://www.youtube.com/watch?v=5WLRCYsOg7k,youtube_transcript_1_on_amazon_and_almost_no_one_owns_the_stock_2026-03-12.md,40:29,40:38,"Bloom I still feel great about. I I just I still love Bloom here. I love the riskreward on Bloom as well. And of course, I own a ton of other AI stocks",Chris,"Chris on Bloom Energy and broader AI stocks",BE; AI basket,Bloom Energy / AI stocks,explicit current position,Yes,
2026-03-12,#1 on Amazon… and Almost No One Owns the Stock,https://www.youtube.com/watch?v=5WLRCYsOg7k,youtube_transcript_1_on_amazon_and_almost_no_one_owns_the_stock_2026-03-12.md,45:30,46:48,"I stopped all that recently. I don't like the riskreward of putting money into any of these private companies right now that are … tech companies … There are a lot of companies chasing capital in the private market right now. And I it's a dangerous game to play.",Chris,"Chris on his shift away from private AI investments",Private AI co's,Pre-IPO private tech,negative / avoid,Yes - relevant guidance,
2026-03-12,#1 on Amazon… and Almost No One Owns the Stock,https://www.youtube.com/watch?v=5WLRCYsOg7k,youtube_transcript_1_on_amazon_and_almost_no_one_owns_the_stock_2026-03-12.md,49:24,49:48,"like we talked about a great proxy to invest in Anthropic through a publicly traded company that you have liquidity in. That was like three shows ago … Um people were asking if we're still in that trade. I am. Um I am.",Chris,"Chris confirms 'I am' still in the Anthropic proxy (SKM) - referenced again later in Mar 23",SKM,SK Telecom (Anthropic proxy),explicit current position / still in,Yes,"Ticker not stated explicitly here - inferred from cross-reference to Mar 23 episode where Chris explicitly identifies SKM"
2026-03-12,#1 on Amazon… and Almost No One Owns the Stock,https://www.youtube.com/watch?v=5WLRCYsOg7k,youtube_transcript_1_on_amazon_and_almost_no_one_owns_the_stock_2026-03-12.md,49:48,51:24,"People are really pissed off about the Trans Alta trade. … I still like the trade. I haven't sold my Trans Alta. I still have it. … I'm I'm going to hold off. I'm I'm unless I find a better like I could see myself, you know, if we come out of this war going, would I'd rather have money in Transalta or an Amazon, I could I would theoretically exit some of my Transalta to maybe switch it over into an Amazon. That's a possibility.",Chris,"Chris speaking about 'my Trans Alta'",TAC,TransAlta Corp,explicit current position / conditional rotation,Yes,
2026-03-12,#1 on Amazon… and Almost No One Owns the Stock,https://www.youtube.com/watch?v=5WLRCYsOg7k,youtube_transcript_1_on_amazon_and_almost_no_one_owns_the_stock_2026-03-12.md,51:37,52:34,"our air sports trade, which did not go well, uh, they raised an insane amount of capital diluting the stock and just putting an over supply out into the market. … I have not sold any of that either, guys. Like that stock is down 20 some odd percent from where I bought it … if I see consumer demand start to fall uh on either of the products related to that trade, uh the Solomon shoes or the Arcteric jackets. Yeah, I'll exit.",Chris,"Chris speaking about 'our air sports trade'; specific Salomon/Arc'teryx detail",AS,Amer Sports (Salomon / Arc'teryx),explicit current position / conditional sell,Yes,"Spelled 'air sports' / 'Solomon shoes' / 'Arcteric' in transcript - phonetic transcription errors. Refers to Amer Sports (AS)"
2026-03-12,#1 on Amazon… and Almost No One Owns the Stock,https://www.youtube.com/watch?v=5WLRCYsOg7k,youtube_transcript_1_on_amazon_and_almost_no_one_owns_the_stock_2026-03-12.md,52:48,54:25,"Robin Hood's a company I don't even check on a daily basis. … I I own it. Um I'm not worried about it. … now it's down at a reasonable level to where you get fresh cash. I feel really good about putting more money into Robin Hood after it got hit because of a short-term crypto crash. … I love Robin Hood where it is.",Chris,"Long Chris monologue about HOOD; consistent thesis with later episodes",HOOD,Robinhood,explicit current position / add,Yes,
2026-03-23,End of War Trades,https://www.youtube.com/watch?v=dujz3iVi-HQ,youtube_transcript_end_of_war_trades_2026-03-23.md,2:23,3:00,"I think the first trade is trying to fast trade the end of the war, paying attention to the news cycle second by second throughout the day. … there's a basket of stocks you obviously want to be trading if you can get in them quickly enough.",Chris,"Chris setting up the framing for the show; Dave asks the question",Macro / fast-trade,End-of-war fast-trade basket,trade framing,Yes,
2026-03-23,End of War Trades,https://www.youtube.com/watch?v=dujz3iVi-HQ,youtube_transcript_end_of_war_trades_2026-03-23.md,3:54,5:08,"I think it's pretty obvious that if you want to fast trade this news up and down, the the copper ETF seems to be like the most obvious way to do it. There is a decent amount of volume on it as well, so you get liquidity. This is COPX. To me, that is the goto index to trade. … copper got destroyed every time the war was looking worse and then this morning it was popping pre-market 5%.",Chris,"Chris explicitly endorses COPX",COPX,Global X Copper Miners ETF,fast trade / conditional long,Yes,
2026-03-23,End of War Trades,https://www.youtube.com/watch?v=dujz3iVi-HQ,youtube_transcript_end_of_war_trades_2026-03-23.md,5:10,5:32,"Yeah. So, there are stocks that have a higher degree of like unpredictable beta like Bloom Energy, which I love Bloom Energy, but like that wouldn't be a go-to stock to trade because look, today it's down. It was up and now it's down.",Chris,"Chris on Bloom; loves it but says it's not a clean fast-trade vehicle",BE,Bloom Energy,explicit current position (long-term not fast),Yes,
2026-03-23,End of War Trades,https://www.youtube.com/watch?v=dujz3iVi-HQ,youtube_transcript_end_of_war_trades_2026-03-23.md,5:50,7:30,"this one called um uh Solic Company. … This company evidently does toll roads in the Middle East. … I'm not too excited about that. … if the Middle East is unstable after this, then people will leave. … which would be horrible for companies like this toll road company because it'll mean there's less business",Chris,"Chris reacts skeptically to Salik (Middle East toll roads ADR)",SALIK.AE,Salik Co (Middle East toll roads),negative / avoid,Yes,"Transcript spells 'Solic'; confirmed Salik Company (Dubai toll roads)"
2026-03-23,End of War Trades,https://www.youtube.com/watch?v=dujz3iVi-HQ,youtube_transcript_end_of_war_trades_2026-03-23.md,6:39,7:46,"I would do jets. Yeah, jets takes away the concentration risk … But I like I think Jets is a decent one as well. I mean, it's highly correlated. Now, a lot of the stocks it's just a trade though. Jets is not something that I'm going to hold on to for any amount of time or any of the airlines.",Chris,"Chris endorses JETS for fast trade only",JETS,U.S. Global Jets ETF,fast trade,Yes,
2026-03-23,End of War Trades,https://www.youtube.com/watch?v=dujz3iVi-HQ,youtube_transcript_end_of_war_trades_2026-03-23.md,7:58,8:45,"The third one that I like as just a purely correlated fast trade on the end of the war is UAE, which is basically the UAE ETF. Just super super correlated. … those are kind of the three the three things that I'm trading, guys.",Chris,"Chris's third end-of-war fast trade",UAE,iShares MSCI UAE ETF,fast trade,Yes,
2026-03-23,End of War Trades,https://www.youtube.com/watch?v=dujz3iVi-HQ,youtube_transcript_end_of_war_trades_2026-03-23.md,10:11,10:30,"No, dude. That company is just wild. I That's going to move daytoday based on scandal news. And yeah, if it's up 7% that's just short covering at this point.",Chris,"Chris dismissing SMCI as a good trade",SMCI,Super Micro Computer,negative / avoid,Yes,
2026-03-23,End of War Trades,https://www.youtube.com/watch?v=dujz3iVi-HQ,youtube_transcript_end_of_war_trades_2026-03-23.md,10:38,12:15,"air sports is up a lot. It's like up 8% today finally. I mean, dude, everyone's ripping on me for the air sports trade, guys. … I still have a ton of stock. Like I'm I'm not frightened by this and I'm not looking to sell sports after it dropped 20% 15 20%, right? Like I'm not I'm still in it.",Chris,"Chris referring to 'my' air sports trade; same trade as Mar 12",AS,Amer Sports (Salomon / Arc'teryx),explicit current position / still holding,Yes,
2026-03-23,End of War Trades,https://www.youtube.com/watch?v=dujz3iVi-HQ,youtube_transcript_end_of_war_trades_2026-03-23.md,12:55,13:09,"TSMI, you you got to love that company. You got to love Taiwan Semi right here, right? Because like the demand is through the roof. I mean, what more what better signals do you want? Everything coming out of the AI sector right now is just like a dream.",Chris,"Chris bullish on Taiwan Semi; transcript spells 'TSMI'",TSM,Taiwan Semiconductor (TSMC),bullish / endorse,Yes,"Transcript says 'TSMI'; correct ticker is TSM. Preserved transcript wording in quote, normalized to TSM"
2026-03-23,End of War Trades,https://www.youtube.com/watch?v=dujz3iVi-HQ,youtube_transcript_end_of_war_trades_2026-03-23.md,14:26,15:23,"All I'm going to say about Intel is there are numerous things impacting Intel positively and negatively. … I just don't have a strong take on Intel right at this moment because there's just too many things happening at the company. … I'm staying I think I might have some in my portfolio, but I'm not I'm staying away from trading it here. There's just a lack of conviction either way on Intel.",Chris,"Chris's no-strong-take on INTC",INTC,Intel,no strong take / staying away,Yes,
2026-03-23,End of War Trades,https://www.youtube.com/watch?v=dujz3iVi-HQ,youtube_transcript_end_of_war_trades_2026-03-23.md,15:23,16:50,"China doesn't scare me right now. … I think China as much as or more than anyone else right now needs stability for the remainder of this year. … I just don't think China's making any dramatic moves this year. But I could I could be wrong.",Chris,"Chris's macro view on China",China macro,Geopolitical macro,macro view (not a trade idea per se),Yes,
2026-03-23,End of War Trades,https://www.youtube.com/watch?v=dujz3iVi-HQ,youtube_transcript_end_of_war_trades_2026-03-23.md,20:23,21:51,"my entire personal reputation right now hinges on one company. And listen, I'm okay with this. … you spent 18 years of your life building up this reputation. You could just you could just float away right now, but yet you still like you want to put everything at risk. And yeah, I'm doing that. I'm putting everything at risk again because I keep talking about the same company, the same trade … I have high conviction right now on Amazon.",Chris,"Chris's signature reputation-on-the-line monologue about Amazon",AMZN,Amazon,extreme conviction,Yes,
2026-03-23,End of War Trades,https://www.youtube.com/watch?v=dujz3iVi-HQ,youtube_transcript_end_of_war_trades_2026-03-23.md,21:24,22:50,"Everything I've seen over the past four to five weeks just increases my conviction on Amazon. the move they did with OpenAI uh essentially securing themselves demand now from OAI and their eventual IPO to ensure that OAI is now going to use Trrenium chips in addition to Anthropic … There's no way Amazon's investing 30 to 50 billion dollars in a company that's going to disrupt their retail business.",Chris,"Chris's bull thesis on Amazon-OpenAI Trainium",AMZN,Amazon,bull thesis,Yes,"'Trrenium' = Trainium (Amazon's chip); 'OAI' = OpenAI"
2026-03-23,End of War Trades,https://www.youtube.com/watch?v=dujz3iVi-HQ,youtube_transcript_end_of_war_trades_2026-03-23.md,28:30,30:14,"I am considering uh adding even more to my Amazon trade the second that I see a clear window that the war is over. … Amazon is in like the pole position to move over the next few months and I wouldn't mind increasing my leverage even further on an Amazon. Now there's one other stock that I think comes right after that which is Robin Hood.",Chris,"Chris's plan to lever up further on AMZN, then HOOD",AMZN; HOOD,Amazon; Robinhood,conditional add / lever up,Yes,
2026-03-23,End of War Trades,https://www.youtube.com/watch?v=dujz3iVi-HQ,youtube_transcript_end_of_war_trades_2026-03-23.md,30:32,33:50,"I don't think Hood is a stock that investors are just going to pour into the second that we see an end to the war. They're up what, 3% today, 3.2%. So, they're going to go up. Um, but this is a stock that has unbelievable upside the second that we start to see the market stabilizing and investors kind of having normal trading activity again",Chris,"Chris's HOOD thesis",HOOD,Robinhood,bull thesis,Yes,
2026-03-23,End of War Trades,https://www.youtube.com/watch?v=dujz3iVi-HQ,youtube_transcript_end_of_war_trades_2026-03-23.md,33:27,34:18,"Robin Hood is a company that I don't have leverage in Robin Hood right now, guys. But I would consider putting leverage on Robin Hood once we are 100% or let's just say 95% sure we are done with this whole Iran situation at least for a while and we're not entering a crypto winter. … if Bitcoin is recovering and the war is over, Robin Hood is a place where I'm tripling down. But I feel like Robin Hood is otherwise I'm just holding on to the stock.",Chris,"Chris's HOOD conditional leverage plan",HOOD,Robinhood,conditional leverage / triple down,Yes,
2026-03-23,End of War Trades,https://www.youtube.com/watch?v=dujz3iVi-HQ,youtube_transcript_end_of_war_trades_2026-03-23.md,44:24,45:50,"TAC, uh, you know what it it I think there's going to be more risk now with putting data centers in the Middle East … doesn't uh Canada seem like a safer choice now? … I'm sticking with my TAC bet. I know it's taking longer to play out. I know it's really frustrating. … I still have pretty massive exposure to Trans Alta through TAC.",Chris,"Chris on TAC; references 'my TAC bet'",TAC,TransAlta Corp,explicit current position / massive exposure,Yes,
2026-03-23,End of War Trades,https://www.youtube.com/watch?v=dujz3iVi-HQ,youtube_transcript_end_of_war_trades_2026-03-23.md,45:50,52:39,"I think what it is is a distraction and a pivot because like let's I think XAI to to what's he trying to to not talk about? … I'm do not have a position in Tesla right now, which is wild. I would rather wait and see. I'd rather wait and get into Tesla 20 to 30% higher than have my money sitting in Tesla because I just don't see any indication right now in the next few days to few weeks to next month of anything meaningfully changing.",Chris,"Chris on Tesla, no position",TSLA,Tesla,does not own / staying away,Yes,
2026-03-23,End of War Trades,https://www.youtube.com/watch?v=dujz3iVi-HQ,youtube_transcript_end_of_war_trades_2026-03-23.md,53:03,53:24,"But if I if they have a presentation and and it stuns me, I I I'm I won't be afraid to go into Tesla really heavy and really levered. I I just it's a trade-off of capital. … there are other places I I prefer to sit my capital right now other than Tesla.",Chris,"Chris's TSLA conditional",TSLA,Tesla,conditional long,Yes,
2026-03-23,End of War Trades,https://www.youtube.com/watch?v=dujz3iVi-HQ,youtube_transcript_end_of_war_trades_2026-03-23.md,53:36,54:56,"someone asked about uh [sighs] the uh what what's our company that is the uh our way to play anthropic? It was the what south? SKM. Yeah. Um listen, I I have a massive SKM position. I don't anticipate selling it until we get close to or beyond the Anthropic IPO. This is my way to play Anthropic. … I haven't sold that position.",Chris,"Chris's massive SKM / Anthropic-proxy position",SKM,SK Telecom (Anthropic proxy),explicit current massive position,Yes,"$5B Anthropic valuation reference; SKM owns Anthropic stake worth ~20-25% of market cap per Chris"
2026-03-23,End of War Trades,https://www.youtube.com/watch?v=dujz3iVi-HQ,youtube_transcript_end_of_war_trades_2026-03-23.md,55:03,56:30,"HIMS is interesting. … HIMS has been so tied to GOP ones and the whole Eli Liy situation. I'm not generally a fan of HIMS for a number of reasons, but I will say this. I think the market for peptides is going to do nothing but get larger and larger and larger the next few years. And HIMS is uniquely positioned to monetize that tailwind in peptides better than anyone else in the world. … If it weren't for that, I would probably be in him if for nothing else to play this super cycle that I think is about to start with peptides.",Chris,"Chris on HIMS - watchlist for peptides theme",HIMS,Hims & Hers,watchlist / conditional long,Yes,"'GOP ones' = GLP-1s; 'Eli Liy' = Eli Lilly"
2026-03-23,End of War Trades,https://www.youtube.com/watch?v=dujz3iVi-HQ,youtube_transcript_end_of_war_trades_2026-03-23.md,58:23,59:32,"I don't own him right now, but I would it's something that I would as a peptide distribution channel play in the future as peptides go from the billionaire class to the uh McDonald's class. … peptides … capable of having a super cycle that doesn't just last years, but maybe last decades.",Chris,"Chris on peptides theme + HIMS",HIMS; Peptides theme,Hims & Hers / Peptides supercycle,does not own / theme thesis,Yes,
2026-03-23,End of War Trades,https://www.youtube.com/watch?v=dujz3iVi-HQ,youtube_transcript_end_of_war_trades_2026-03-23.md,1:00:54,1:01:40,"That's why I'm in Bloom as heavily as I'm in Bloom, right? … I got plenty of bloom, but I am excited to hopefully continue to lever up in Amazon, to continue to lever up or or to start levering up at some point in Robin Hood again. And quite honestly, I might lever up in Nvidia, too. Like that Nvidia news this weekend",Chris,"Chris speaking about leverage plans across BE, AMZN, HOOD, NVDA",BE; AMZN; HOOD; NVDA,Bloom Energy / Amazon / Robinhood / Nvidia,explicit current position / lever up,Yes,
2026-03-23,End of War Trades,https://www.youtube.com/watch?v=dujz3iVi-HQ,youtube_transcript_end_of_war_trades_2026-03-23.md,1:01:39,1:02:57,"I would stay away from the controver Oh, by the way, there's two stocks in the AI sector I think we're gonna have to do an entire episode on. Okay. Coherent and Lummentum. And if you look at COR and LI … we we we're going to discuss it at another time, but there's a there's a lot going on. They are positioned in a really interesting place uh for where this AI cycle is potentially headed. And I think yeah, they're a little controversial, but I I want to go dive in deeper at some point.",Chris,"Chris teases COR/LITE for future deep dive",COR; LI / LITE,Coherent / Lumentum,future deep-dive tease,Yes,"'COR' is the ticker Chris uses for Coherent (correct ticker is COHR) and 'LI' for Lumentum (correct is LITE). Preserved transcript wording. Note he says 'I would stay away from the controver' before pivoting"
2026-04-24,He Sold Everything... Here's What He's Buying,https://www.youtube.com/watch?v=AV9dVJAt7-U,youtube_transcript_he_sold_everything_heres_what_hes_buying_2026-04-24.md,9:40,10:54,"If if you would have taken all that money that you were putting into real estate and all that time and you would have just thrown that into aggressive equities over the past, dude, I don't care. You're always winning with equities.",Chris,"Chris's standard real-estate-vs-equities argument",Real estate,Real estate (vs equities),negative / avoid asset class,Yes,
2026-04-24,He Sold Everything... Here's What He's Buying,https://www.youtube.com/watch?v=AV9dVJAt7-U,youtube_transcript_he_sold_everything_heres_what_hes_buying_2026-04-24.md,15:01,17:04,"I am not I'm being really really conservative right now. … I'm obviously always at least 130% equity to 200% equity. So, at this moment, I'm kind of at 140% equity, which is really conservative for me. But that doesn't include uh stock options that I have … I've been playing Amazon options for the last few weeks like a complete degenerate. … anywhere between I would say five and 15% maybe maybe at one point it was as high as 20% of my entire liquid portfolio was in Amazon options. … 300% equity at at my most degenerate moments.",Chris,"Chris on his current allocation and Amazon options leverage",AMZN,Amazon,explicit current position - heavily levered options,Yes,
2026-04-24,He Sold Everything... Here's What He's Buying,https://www.youtube.com/watch?v=AV9dVJAt7-U,youtube_transcript_he_sold_everything_heres_what_hes_buying_2026-04-24.md,22:57,23:30,"my portfolio was down like I mean inclusive of everything … when my portfolio was down 40%, that is when I double triple down on I bought I didn't go insane, but I bought when when the market dropped like 10%. … The best buy that I had was ARM. Uh the thing was up 30% since I bought.",Chris,"Chris on adding ARM during dip",ARM,Arm Holdings,explicit current position / add on dip,Yes,
2026-04-24,He Sold Everything... Here's What He's Buying,https://www.youtube.com/watch?v=AV9dVJAt7-U,youtube_transcript_he_sold_everything_heres_what_hes_buying_2026-04-24.md,25:38,27:18,"Jordan, I haven't gone in deep on due diligence, but this is actually a trade that I'm interested in. If you really think deeply about AI, automation, robotics, how the world economy is going to change over the next 20 years, there is a case to be made that third world countries to some extent will see some of the biggest lift. … I saw a report that I haven't had the time to read yet that said Brazil was in the pole position to benefit from the AI super cycle the next couple of decades. I want to spend a lot of time doing research before I make that move.",Chris,"Chris interested in EM/intl but no position yet",Intl/EM,International / Emerging Markets,watchlist / interested,Yes,
2026-04-24,He Sold Everything... Here's What He's Buying,https://www.youtube.com/watch?v=AV9dVJAt7-U,youtube_transcript_he_sold_everything_heres_what_hes_buying_2026-04-24.md,29:34,30:53,"We've kind of been in that low to high single digits Bitcoin for a long time. I'm at the lowest I've ever been in Bitcoin. I want to say it's like 1% of my portfolio right now. I'm not against bring it up to two, maybe 3%. But I don't necessarily I think there's just too much opportunity in equities right now with this AI super cycle. … When I become less excited about the equities in my portfolio, I think I would be open to having a larger Bitcoin position.",Chris,"Chris's BTC allocation",BTC,Bitcoin,small position / conditional add,Yes,
2026-04-24,He Sold Everything... Here's What He's Buying,https://www.youtube.com/watch?v=AV9dVJAt7-U,youtube_transcript_he_sold_everything_heres_what_hes_buying_2026-04-24.md,32:04,32:24,"I do have a few crypto punks and I think I am more likely to buy more than to sell over the long term. I think crypto punks will come back. I know you think I'm nuts. I think they will come back at some point in time. It could be 15 or 20 years.",Chris,"Chris on Crypto Punks NFT",CryptoPunks,Crypto Punks NFTs,explicit current position / long-term,Yes,
2026-04-24,He Sold Everything... Here's What He's Buying,https://www.youtube.com/watch?v=AV9dVJAt7-U,youtube_transcript_he_sold_everything_heres_what_hes_buying_2026-04-24.md,36:23,38:18,"I have like more of these Elsa cards. We're talking like six figures of Elsa cards and I'm thinking about kind of diversifying out of that. I also have some sports card stuff that I want to get out of. I'm actually not a big believer in sports cards. … I'm getting out of all collectibles now.",Chris,"Chris exiting collectibles",Disney/Elsa cards; sports cards,Disney trading cards / sports cards,exiting / does not believe long-term,Yes,
2026-04-24,He Sold Everything... Here's What He's Buying,https://www.youtube.com/watch?v=AV9dVJAt7-U,youtube_transcript_he_sold_everything_heres_what_hes_buying_2026-04-24.md,33:29,34:55,"Now, I think Graham's going to get into you're going to get into this because some of his stuff is in collectibles. I'm actually kind of cautious on the collectible market, but that pre99 Japanese manga that all the influencers and content creators have been accumulating, that is interesting. If I was going to be in a collectible right now, that's where I'd be putting my money.",Chris,"Chris views pre-1999 Japanese manga favorably but says he's exiting collectibles",Pre-99 Japanese manga,Pre-1999 Japanese manga,positive comment / not invested,Maybe,
2026-04-24,He Sold Everything... Here's What He's Buying,https://www.youtube.com/watch?v=AV9dVJAt7-U,youtube_transcript_he_sold_everything_heres_what_hes_buying_2026-04-24.md,49:03,50:01,"I keep my entire uh retirement portfolio in a triple leveraged uh ETF at all times. … I only keep 20% of my retirement portfolio in that triple leverage ETF. … I'm primarily in the leveraged fund, but I do have some Robin Hood shares … currently in the leveraged uh uh UPRO, which is uh the S&P 500.",Chris,"Chris on UPRO retirement allocation. He clarifies it's 20% not 100%.",UPRO,ProShares UltraPro S&P 500 ETF (3x),explicit current position,Yes,"Chris first jokes 'whole thing' then clarifies 20%"
2026-04-24,He Sold Everything... Here's What He's Buying,https://www.youtube.com/watch?v=AV9dVJAt7-U,youtube_transcript_he_sold_everything_heres_what_hes_buying_2026-04-24.md,52:54,54:20,"I I still love it. I love it just as much as I loved it at $198. … I went all in more at like two some 205 and then more at 215. It's at what 260 now. … I'm all in. I'm all in. … What I do, guys, is I continue to roll up my options. … Uh I would say 5% right now today.",Chris,"Chris on AMZN current position / option rolling",AMZN,Amazon,explicit current position / option rollup,Yes,
2026-04-24,He Sold Everything... Here's What He's Buying,https://www.youtube.com/watch?v=AV9dVJAt7-U,youtube_transcript_he_sold_everything_heres_what_hes_buying_2026-04-24.md,54:32,55:07,"Love it. Love it. Love it. … Near-term. I don't have any like super strong thoughts on it like this week or next week. Love it long term. … I went deeper into Robin Hood at 70. Uh I think I just picked up some more calls this morning. So like I just want to be heavier Robin Hood, but not for the week or for the month. … I'm in Robin Hood for the long term.",Chris,"Chris on HOOD - added at 70, long-term",HOOD,Robinhood,explicit current position / add,Yes,
2026-04-24,He Sold Everything... Here's What He's Buying,https://www.youtube.com/watch?v=AV9dVJAt7-U,youtube_transcript_he_sold_everything_heres_what_hes_buying_2026-04-24.md,55:08,55:48,"yeah, I have AMD. It's part of my AI sector trade. I have a handful of companies like Micron, AMD. I don't I think I accidentally sold my Intel. It makes me sick because I like I was running out of money and I needed money because my margin was capping out on that Amazon trade. So, I was forced like what is what is the what is the dirtiest name in my portfolio? Intel. … I had to I had to pick something and I picked Intel to sell and of course Intel's flying. Uh I have AMD, listen, great. Like it's part of my sector, my AI super trade, but it's not the one I'm going heaviest in on. Uh, Micron. I I love I love all of the uh memory companies.",Chris,"Chris on AMD, INTC (sold accidentally), MU",AMD; INTC; MU,AMD / Intel / Micron,owns AMD/MU; previously owned INTC,Yes,
2026-04-24,He Sold Everything... Here's What He's Buying,https://www.youtube.com/watch?v=AV9dVJAt7-U,youtube_transcript_he_sold_everything_heres_what_hes_buying_2026-04-24.md,55:57,56:04,"Did you guys have you did you see uh uh SanDisk keeps just going crazy?",Chris,"Chris commenting on SanDisk price action; not clearly stating ownership",SNDK,SanDisk,positive comment,Maybe,"Doesn't say he owns it - flagged as ambiguous"
2026-04-24,He Sold Everything... Here's What He's Buying,https://www.youtube.com/watch?v=AV9dVJAt7-U,youtube_transcript_he_sold_everything_heres_what_hes_buying_2026-04-24.md,56:04,57:02,"Uh Raku, the Japanese company we did a show on. Dude, it's almost doubled. It's crazy, dude. This is the imaging company in Japan that basically uh is a healthcare company, but they have imaging equipment that they're repurposing to to check the circuitry in AI chips before they head to the data center. … Unfortunately, I couldn't get leverage on that. uh because it's in a global account, you have to transfer into yen. There's no options. You can't do margin. … Gianu nailed it again.",Chris,"Chris on Raku (likely Rigaku Holdings 268A.T or similar JP imaging co)",Raku,Japanese imaging co (Rigaku?),explicit current position / winner,Yes,"Ticker uncertain - 'Raku' is phonetic. Possibly Rigaku Holdings (268A.T listed Oct 2024 in Tokyo). Chris owns via global account; no leverage available"
2026-04-24,He Sold Everything... Here's What He's Buying,https://www.youtube.com/watch?v=AV9dVJAt7-U,youtube_transcript_he_sold_everything_heres_what_hes_buying_2026-04-24.md,57:11,58:53,"see Bloom, it exploded off of that um, listen, off of that uh, expanded contract with Oracle. … Bloom Energy is in negotiations with every hyperscaler. … Bloom went down to what $75 a share on quote bad news that we knew was BS. That's why we doubled down on Bloom. … if you're invested in Bloom, you need to be ready for that type of volatility. But wow, has Bloom performed for us, man. That has just been one hell of a call this year.",Chris,"Chris on BE - doubled down at $75, big winner",BE,Bloom Energy,explicit current position / add on dip,Yes,
2026-04-24,He Sold Everything... Here's What He's Buying,https://www.youtube.com/watch?v=AV9dVJAt7-U,youtube_transcript_he_sold_everything_heres_what_hes_buying_2026-04-24.md,59:15,1:00:35,"I am fully out of sphere. … here's the deal, guys. It was a social arbit trade and we entered sphere when there was a massive information imbalance in the company and we exited it when the rest of the world learned about what we already knew. … the company has gone up like 400%. And that's what being a social investor is all about. … I'm not buying sphere as a fundamental you know investor or as a technical investor. I only buy and sell things as a social orb investor.",Chris,"Chris fully out of Sphere",SPHR,Sphere Entertainment,previously owned / fully out,Yes,
2026-04-24,He Sold Everything... Here's What He's Buying,https://www.youtube.com/watch?v=AV9dVJAt7-U,youtube_transcript_he_sold_everything_heres_what_hes_buying_2026-04-24.md,1:00:30,1:01:00,"bloom I still think bloom is really misunderstood by a big chunk of the market. I think bloom if they continue to execute … I think there's a lot more upside to bloom if the company executes because I do think they will be a primary beneficiary of the power trade for the AI super cycle. So, I don't want to sell sell my bloom yet.",Chris,"Chris on BE upside",BE,Bloom Energy,explicit current position / hold,Yes,
2026-04-24,He Sold Everything... Here's What He's Buying,https://www.youtube.com/watch?v=AV9dVJAt7-U,youtube_transcript_he_sold_everything_heres_what_hes_buying_2026-04-24.md,1:01:00,1:03:18,"Transalta, uh, they got killed by a couple things. … I think I have exited part of my position because I needed to exit partially out of a lot of positions when my account got destroyed last month. But I feel that it is an inevitability uh that data centers will get into Canada and Alberta specifically. So, I'm holding the majority of my position in Trans Alta. … I'm hanging on to it. … as a as just a tracker for knowing uh where this is since we first talked about it, it is down 14%.",Chris,"Chris on TAC - reduced position but still majority holding",TAC,TransAlta Corp,explicit current position / partial exit / holding,Yes,
2026-04-24,He Sold Everything... Here's What He's Buying,https://www.youtube.com/watch?v=AV9dVJAt7-U,youtube_transcript_he_sold_everything_heres_what_hes_buying_2026-04-24.md,1:03:22,1:03:37,"People were asking about healthcare stocks. Um I don't buy healthcare stocks when tech stocks are exploding. For me, healthcare is like a recession stock because people overspend on health care during recession. So, I bought a healthcare stock.",Chris (then transitions to Jordan),"Chris's stance on healthcare; the ironic 'so, I bought a healthcare stock' is actually a setup for Jordan",Healthcare sector,Healthcare,negative / avoid right now (sector view),Yes,"The sentence 'So, I bought a healthcare stock' belongs to Jordan, who then names VEEV (Veeva). Chris says the broader sector view"
2026-04-24,He Sold Everything... Here's What He's Buying,https://www.youtube.com/watch?v=AV9dVJAt7-U,youtube_transcript_he_sold_everything_heres_what_hes_buying_2026-04-24.md,1:05:08,1:05:36,"we believe that the entire sector is going to massively grow over the next couple decades because of the aging uh population. Right, Jordan? So, I'm not saying that I don't like healthcare stocks. I'm just not buying any right now when tech stocks are going insane.",Chris,"Chris's healthcare-as-aging-thesis comment - long-term bullish but not buying now",Healthcare sector,Healthcare,positive long-term / not buying now,Yes,
2026-04-24,He Sold Everything... Here's What He's Buying,https://www.youtube.com/watch?v=AV9dVJAt7-U,youtube_transcript_he_sold_everything_heres_what_hes_buying_2026-04-24.md,1:06:43,1:07:42,"This peptide trend is no longer a trend. It's officially a super cycle just like AI. This is going to be one of the biggest movements I think of the decade. Uh it's unstoppable.",Chris,"Chris reaffirms peptide super-cycle thesis",Peptides theme,Peptides supercycle,thematic / future deep-dive tease,Yes,
2026-04-24,He Sold Everything... Here's What He's Buying,https://www.youtube.com/watch?v=AV9dVJAt7-U,youtube_transcript_he_sold_everything_heres_what_hes_buying_2026-04-24.md,1:07:42,1:08:09,"the peptide trade is real. … We are in the earliest stages of uh the commercialization of peptides. I I look at this moment in a similar way to when I was talking about GLP1s back before anybody was talking about GLP ones. Remember Dave? When we were at the OMIC trade, people thought we were insane. I think like 35% of my portfolio back then was in Eli Liy.",Chris,"Chris's historical 35% portfolio in LLY for GLP-1; now exiting",LLY,Eli Lilly,previously owned / historical context,Yes,
2026-04-24,He Sold Everything... Here's What He's Buying,https://www.youtube.com/watch?v=AV9dVJAt7-U,youtube_transcript_he_sold_everything_heres_what_hes_buying_2026-04-24.md,1:08:25,1:08:38,"Jordan, I see Novo Nordisk. No, Novo. Actually, I'll take it back. I was in Novo before really. Novo was first. I own some Novo right now. I'm kind of mostly out of that stuff.",Chris,"Chris on NVO - small remaining position, mostly out",NVO,Novo Nordisk,explicit current position (small) / mostly out,Yes,
2026-04-24,He Sold Everything... Here's What He's Buying,https://www.youtube.com/watch?v=AV9dVJAt7-U,youtube_transcript_he_sold_everything_heres_what_hes_buying_2026-04-24.md,1:08:42,1:08:57,"Yeah. Again, because the market, not that it's bad, but the market now fully understands everything that I understood about the GLP1 movement back in the day and how large it was going to get. Um, I think peptides, guys, are potentially that big. This is such a massive storyline.",Chris,"Chris's view that peptides could be as big as GLP-1s",Peptides theme,Peptides supercycle,thematic conviction,Yes,
